id,nombre,descripcion,precio,id_comerciante,fecha_agregado,foto_url
410,Teclado GAMER MSI VIGOR GK40,"Iluminación RGB de 6 regiones
8 efectos de luz increíbles
4 niveles de brillo LED
9 niveles de velocidad de efecto",400000.0,9,2024-10-07 19:21:30.425636,"data:image/jpeg;base64,/9j/4AAQSkZJRgABAQAAAQABAAD/2wCEAAkGBxITEhUSEhIWFRUXFxoYFRgYGB4eGhkdGBgaGB4fFh4eICggGB0lGxgaITEhJSkrMC8uFx8zODMtNygtLisBCgoKDg0OGxAQGy0lICYtLi0vLy0tLy0tMDAtMC8tLS0tLy8yLS0wLS0tLi0vLS0tLS8tLS0tLS0tLS0tLS0tLf/AABEIAI8BXwMBEQACEQEDEQH/xAAcAAACAwEBAQEAAAAAAAAAAAAABAECAwUHBgj/xABUEAACAQIDBAIMCQUOBgIDAAABAgMAEQQSIQUTMUEiUQYHFCMyQmFxgZGh0TNSU5KTscHS8BUXQ3LTCBYkRFRic4KisrPCw+E0VWODlKOE8SVkdP/EABoBAQADAQEBAAAAAAAAAAAAAAACAwQBBQb/xAA8EQACAQIEAwQIBQMEAgMAAAAAAQIDEQQSITFBUWETcbHRBSIygZGhwfAUQnKS4TNSYiOywvEV0jSCov/aAAwDAQACEQMRAD8A9xoAoAoAoAoAoAoAoDibL7KYJ2mVBLeFyjd7YgkXFxlB00PGx04VVGtGTaXA31/R1ajGEpW9ZXWq+tvI6MePQsF6QLGwzI63IBNrsoF7An0VPMjK6M0m9NOTT8GNVIqCgCgCgCgCgCgCgCgCgCgCgCgCgCgCgCgCgCgCgCgMMRi0QgNe5uQArMbC1zZQdNR6642kWQpymrrxS8TnbO7JIZsTLhUD7yJQzZkKgg24X1uMw4gcdL1CNWMpOK4GmtgKtKhGvK1pOys7/fu952KsMQUAUAUAUAUAUAUAUAUAUAUAUAUAUAUAUAUAUBCqBewAvqfKfLQ623uJ4/w4P6U/4MtRluvvgXUvYn3f8ojtSKAoAoAoAoAoAoAoAoAoAoAoD5TAbZePasuz5DdXgGJw56hmKOh69RceQUB9XQBQBQBQBQBQBQBQCcv/ABEf9FL/AHoai/aX3yLo/wBGXfHwkNhRcmwueJ67ddSKrvYmhwKAKAKAKAKAKAKAKAKAKAKAKAKAKAKAKA+MxvbN2fGzLmkfKSpKJdSQbHKSQCLjjwNAc2ftxYBeEOJbzJH9sgoBGXt4YQcMJiT590P9Q0Bysf28I2KNHgXO7Jc55VW91MdtFb5S/o8tRluvvgy+l7FT9P8AyiZN2+n5bOUefEE/6VSKDB+31MNe4I7f0x+5QCr9v/EeLgoh53Y/YKAUm7fe0PEw2FH6wkP1SCgMz289qkEiDCgDiRHJYf8Asrl1exNU5uLmk7Ld20+Is/bx2qeAw480Z+1q6QF5O3Ttc8JIl80S/begN9gduXaS4qJsVPnw+cCVBFGLqdCQQua4vmAB1y2oD1H88+zOrEfRj71AH56Nm/FxH0Y+9QEfno2b8XEfRr9+gI/PTs34mJ+jX79AfE9kXbDgl2thMdEj7qBArhgQ5zM+ewD5dFYEcLnwrgCwH2v56tnfJ4n6NP2lAR+evZ3yWK+Yn7SgI/PZs75HFfMj/aUBH57dn/I4v5kf7WgI/Pds/wCQxfzIv2tAVPbv2f8AyfF/Mi/a0AfnwwH8mxfzIv2tAR+fDAfybF/Ni/a0Bi/bowJkWTufFWVWQjLFe7lSLd94d7PrFRftL3/Quj/Rl+qPhLyNvz4YD+TYv5sX7WpFJlJ288H4uFxJ677sf5zQGf59ML/I8R64/vUBP588LzweI9cf3qHWmnZm57dmEsCcJirHgbR620075rrQ4T+e/Bc8LivVF+1oCPz5YD+T4v5sX7WgPuOxPsmw+0IBiMOTluVZWADow5OASAbWOhOhFAdmgCgCgCgCgCgCgCgCgPNO3H2adzRHBwNaaVe+MD8FGfLydtQOoXOhy3A8R/KMaqALmwA0HUPLagE5NoE8FHp191ALviG67ebSguRHwf8AV/zrUXuu/wCjL6XsVP0r/fApUjPcD1UFxbDsyNfLm0IsRobi1RnHMrF+Hr9jUzJJ6NWe2qsOx7TYabvmDYaDQKOFv5tUvD34/evmenD0y4q2Rbp22Wiitv8A68yYNo5YshiJtw45Trc5hzPKkqDc81/M7Q9LxhhuxcL2219V63d1xfDu5GZ2g3yQubkmx4lQpI6uFd7Dqyp+lW7vJG7vfvaSbXK9td7vUsNptcndjn13F2LcfT7K5+H0tcmvTDzOWRce9Xblv4cuHG6eNlMjZspGgHXw66thDIrGDF4n8RU7S1tEt77DWGk6Ivy0qZlua5hQXDMKC4ZxQXDMKHbk5hQXDMKC4ZqAL0FyL0Fyb0AXoAvQFx4J/WX6nqP5l3P6F0f6Mv1Q8JmbnTQVIpLRwHLfkPx+POKi5pOxfDDVJwdRLRff3x1XMaTAWsZHCeS+tUPEX0grnq0/Q3ZpTxVRQT4X18vEdXDQuLA5rDiD7vqrM6taG+h7dPA+jsUrRebKt0/K3w2XCxz5naI97kYAnVRmX1jnW2lNzWqPmPSGEp4edqc73vo0013336MwbFk8VU+ZQv8AdtVp55QlD8ZfU33be2gPpO1/2WPszFCQHPC9lnQX6SXNiAfHW5I85F9b0B+osFikljSWJg6OoZGHAgi4IoDagCgCgCgCgCgCgKytYE9QJoD8d9ku2Hnkd3bM7nNK3Wx5DqA4W5WA5UA5hsGCAFiDnIrEl7eGubQXHXbnw8tZnUe7dtXw5HnTrtNuUrK7W19nbqaYSGGWKfvZR4kDghiQe+RoQQfI5N78qleUZLXck5VIVI3ldPTbo39Dj4dmDdHjY+rnVskmtT1aNSrTblS3s9uC4s+hbDxRlkAHRVSSWku11BJ6GgAJ59Y461ljKU0pP6fU8ihjMVkvCpKKk3pFpLku/wC9jXZww74aZ9yQyPGoAkbKc+e+YXudE6+dSkpZlr8kSdbFU32carUXe6WienFbMwn3MbKuVHU8Qjyi3nDW4jUac6LNJX8hTxOKdKUVUko8tLP3LTvHNr4GFJJ0QKEid1Cs0pJyEgeD0bkjS9tfXRN3XP3CGKxOSNN1JNPhdW35P47fMxhjhfDB93lO+EeruUAy3vlGunkv5q7aSlv8kTlWxV+zdWTile3Dy+RTCYeNsTFh5FzK7ohsZFK5mC6B+YB6rV3W2ZfQlUxFepRu6kmlsm01py4fASghXNLnu4jW6gsbEmSOPXW9rPfQjgKsVrKy3NUsRVqxjnk33tu3dc2x2RAr2R78LGYEcDoXNuJtp1US3S0+BsdacssqknJ8LuV13O/gObQwUQndB0QlrFt4x4Ak9E6AXqC0j/0bJTVStdt3XFuba96d0c+MI0cj5ekjooIZvHEh5m/idfOu5dbcPccjWUoSqu+dbPNK/wAb3+ZWdBGwYgtc2J74p0sNCTrxt6KWureR1SyVlN3bel7zT4cb36G+IwqCWUKcuRmW5zkkKxFyV8w9YrltEn9C2eXt5yg8rXG82/e0+4S3fezIpKtnymxOtxfXW9+PrqeXWz2M2dqj2tNuMr2bUnrx11ve/UYXDgMqjQsgYm76k3NrLUZK+/0+pphHs3GFO6copt3nq99oteHMhAq71cvgLfQuAemqagm/jUcb6+R2hOFNVYJbLhKaT2Wqv1M2QBM2lj4vfBfr8mnOu2u/+inOoUtPZfC9RJ8+NnbibvADIYlWwyqbEub5lVuC+e/DlXctnd7+4vqWdTsKatGydrzaez2T9+3AsoXdS3S5TJYZnt0jY3BPK1aIU4uDnbUipx7CcZL2baXlb4N8PEpPAFQMbFdMoO8AOnik6acKrjFXuQnG1JObvHSyee3uu7abG2PwqoPBzHeNGuZjoq6jgRzbmeVapUYU07L81vki7GUVBXks2rjHM37Kbe91xbWr4GeAw4MiB40ys6qbOb9JgNLOeupUIxc0pRVm0t/5MuHpRdSKnCNm7aSf/sykCLIGKootfS0h06yQTpUoqE7tJf8A6ZGMIVLuMUrcPWf1LTBN2hVFuzlTqbHKNCLnTjzrtRU7QyxV3m4vg49epKcYfhbxiruSW7topc2GEw4LhXRQGuLq2osCbjpHq51bQoKc1GcVZ8n/ACyrD0oTllnFa32eu3e/ITwD2c9ViSPNrXi4mKcfeXeh6kqeJe+VJtq+mmuvPoOY6FTbMxvxPV9X/wBaVloTktloe16UwtGaXaSeZavgur1T7t9FZCBReC6k9fv4fVWtSlvLY+flRov1KPrSemr+vs+D620F5S3A36OljyqcUt1xMdWVXSFRv1dLPh0M7VIqKkUBmzWNxQHvX7nnaUjwYmEteKJo2jU+KZN4XA8hKg26yx50B65QBQBQBQBQBQBQCu1CdzLY2O7ex/qmgPxSKA+rTYssyo8ZjK5EGs0akEIFIIZwRqOqs8aii2nzfiefHEwpuUZJ7vg+LuhrD7KfDQYlpmjGeNUQLLGxJM0TaBGJ8FCfRRyzyViMqqrVYZU9Hfbo19T5qFjc26jfzHjV0kranrU5TjmyLg0+7ifU4vZU8jF4ZIsjqP4xEtxlAsytID1ixFZaTSilJao8PD1IQgo1Fqm9114Duzux2VcJOhkw4d3iZVOIh1CiUHXPbxxxNTcryTLZ1oupGXeIr2O4qSRTLLCdRq2KhJt9ITUrxStFEu1pRi4wVvdYf7IdjYhsRiDFNAY5JHbTFQgMGZiLgyDkeY5muLKkro5TnTSjmWq6BF2PSLg8gmw+83+e3dMPDJa995bj5b13Nrc720XUv0FtkbImXFQzzzwWSVHdjioWNlcMSbSFjoPKaOSy2SOyqwyOEF7kjmbKQTPOivGpePomR1RSRNE9szkKDZTxI4VZZpI1xXqo2k7HsS1labDlRoP4ZhyB5hvdKZkuHyNUFmtqdPsh2TKcRI8M+HKtbUYqEXGUAjWQG1xUIv1bNfI1Ti3JuMre8XwmwHGHlBmw2dniZR3RFqEEoOue3jjia65esnYnCnalKN1qKrsWdmUPNAQDx7piPn8c9Xsrt9NEIU5uScpXt1GNsbJl30zRTQZHdz/xEYurMWsemNPIa6iytTlKcpRklfqI43D7nD5XeNnaUNZHV9ApGuUkDU/XUiqranh1BtXzX36Gs+Fd91LDLELRqNZURgQCDoWBFMty+d55J05pNRS3sycLsx8s2eWHM6WHfozc7xH+MeSnjXcjZKjSsp55q8l/cuaYq2zZiAplhyjgN/HYeYZ6mqT6fFeZR2FRpQdRWXDMvMb2lgpBLnilh8FACJkB6MaqbXYHkanKi+DXDiuXeacRTl22enNLb8yXC3MnDbPYwzBpYQ7FCvfkN8rEnXN5edXU6X+nJXXDivM5Tpf6U4ynG7t+ZCr4KZgEaaDKOA38el/61VqhLmvivMpdOpJKEqkbLZZkO7SAmVhHJHcTOwzOq3UiwILEAi4PCtFSMJqSg17V90uCXHuNeLmsRDKpLRu13a6u9dd9boX2Rs51mjZ5IQqurHv0fAMDybyVChRcakZNrRrivMy4XDOnVjJyjZNfmXmY/kyVSQk0IB00nQXHzuFc7GcW8sl+5eZB0Jxk8s0r/wCS8xrE7MO4jUSwlg7Me+pYAgAXOa3Xz5V2pTuoRTWmbiuOUvnRvhMikrqSe65SMMBgmjcO8kOUAk2lQngeADEk1dhIdlVU5SVl1Rnw9Hsp5pSjZX/MuRyY5srXHmPlB415dSKkZaGIlRqZ13PqnuhrEbQzEECxAPEA/jn66z08PlTTPWxXpntZxnBWaTWqT346368NE+oktteNzzvWho8aNS122787+JAC24a01uRTjlatqFhbhrTW4vHLa2vMoa6QMZeNAe0fuaib48cv4P8A63uoD2+gCgCgCgCgCgCgMcYt43HWrfUaA/EooDv4eCEKM7y3spbKoyjOoYC5bqPk51Q3NvSxhnOs5eoo2u1q3fR25DmFwmFdZDnm6C5tQvN1XTW3jeyoOVVNLQ6q1SEXGcU5NrLq7LR3b01e1l367FEjwqcROrXK5uiNRxFuscxR9o+Vi+li69ON4JZ/7lJ7Ppbl8Tr4/ZEMLNGndLWIGZQLEkZrW11tyvUM0pO7sU0PSlanScY2i3xztceVvduY4HB4VoXKtiMwdEsApzF89tL9SEequydTNd2JLH4ilSdFJK923mdrcbq3LT5lIoML0EY4lc5sG6Njc8hz9dd9e+bQksfiFh3SjbraTtz9nu8zbaOBw0bNEDiWyuyZhlsSrWNh5yNL+MKLPfNodWPryw6pJJcfadt7+zsSmBwr4dXRsSxMhjCjKScqq1xb9YaVz11O+gqY+u6SoNLTW7k7fAxw+Ew8jwwt3Qu8ZVViVI6RCggWFxryNSWdNy0O1sbXnQUGk8v+Te3ThoQ2GwzKCFxRspbN0SMo0J4WABtc8BU4RknfQ1PF1a1OMam645m/lwNcTgsOYYZVOIZnL2F1uN3a9rA3434aWok02tLG6VdVVFyzOS43v8jHB4aCSRVYzqSjOGJBuERnuAQLg5TreuWcU9rF/aU6sot5lJcW/wCOZk0UR6QGI0F81xw1F+HC4Iv5DXUmtNDsqtObVRKeZfmv7uRbE4eECN1aYl0L8RcAMyG+h5xt6LUins7E6rpRlGrFzzNau+vf8LBhsHHncOZ0YRs+trkKubmBa4HGu7q2ljlOMVUbvNStd7X8BZYI9WG/HAsQRzOl9OZrrV9HYhTlCN5xc1zatx5k4iCKO2V5ekivxA8IX8tdavuicnRw/syn6yvo15FcLFDlks8oyrmIuNekqfWwrrSerQw7o9nNQlNK2quteHIyUwi4zS26rr7q7ZN3ZTCvQUXTTnZ8LryNsZFCh3eeUiyniAOkofhby1Y4wUrlteVGiuxcp25XVufIvHglZBl3pXkMy8vRUoxhe9tScIQqUklnceV14GEgi8FjLpyuulvRUlGknezuUzq0HalJzsuF1oa4rZqR5jK7tZzGtrcFF9b8OI089W9hTpXb5208SVehGLbrSk7PKu5a8e/YthMDCzoh3q5mCgm3EkDqHXVlOFGUlH1tdOBCnRw8pqDU1fnbyMhBhyTl3x9VFGg3opfIhkw7dkpv4eQxiMPh1jQneDMzC3RGqW4nn4Xk50dGhFZ25a3XDTYvrdhGlBZWl7k21xenV9AgwkErBFzKxvbwSLgX1A5aVKhh6FV5E5XfOzK32NaSSjbutb3ovidnwR7rOHLSpnASwA6bIBrqb5L/ANbyVXToU1FZm23yMVR03Ntwttottl047m+H2XhjnDCVSkbSeKb5Rf7DrWh4SkpZWmnvwIzVNcH8V5HNTuY+LL6x7qoy4f8Ay+XkcvS5P4ryG9o4XCRlB305kV/FHhC9v96nUo0IJN317iKdPk/kGEwuEdZCd6Mi5vF16SpbyasKlSw9Gpe19O46+z4J/ISPcx4CT1r7qpUcPe3rfI7/AKXJ/LyOVtSEK9hwsCPSL61HG0I0KuWLumk/iVzST0++J7L+5rj6OObraAeoSn/NWQge10AUAUAUAUAUAUBDC4IoD8T4Q6ObC4XS4B8dRz8hqEuC+9macO8qnKyuo8Un+aK43O22CxLZWSFyCkZDLFcHva8CF1sfVaqoyglZvi+PVmGPpGCTUnC95flhzfQd2ds3EiKYGBwWVco3ZUtaRCbAAE6VGU4Zk7/M5Wxkq0FbK4KSbaUVZ5ZpXy20eu/FLVX1SfY+KLBTDLcm9irXueJta9zb2VZ2sNro5mWRzS9XnbT47Hf7JcPjO65EjWbwswC5uOXiLc8vPqqmEqeX1rXMeHpwdBVJxutrtab8+/5iWA2bikglIilD76EgBWD6JObgWvpmBuOsVNzg5WuXTSk1O3qWetvV3S326fIwwezcU00KNFLcMuVSraC4Og8XrrrnCzStcnKK7KU4x0fG2j4b/L5Dm3MBjO65lSOa4lkYBQ3NiSVA61A1HEAUjKGztc5CMVSU5R001tp8e/5lo9k4pcGirDKJBiHOUK2cXjisbAZh4J18lczxc9yD9vPJeq1vbTfnsZbC2Zi2xuGV4pbpLGcrK3RAdSdD4ItrUpShZ2LKqtRc1FpPjbR+/ZnPTZ+KDMqwzZstnCo17aAggC9usGrIzi9LmmKeRSs7PjZ2+J1p9mYnuTDBIZS4M9wiMWW7INQBdeY1rilHM9TV2VTKmk+8w2BsrEnEAGGS6pMLFTpeJ1tw06RtbrPXXJzi1ozTh8PVjNSlF258BBMBiukEhm6mCo1+rpAC9r9ddzwfEr/DYiKbs0n3q/mN4zZc4jhyQyschD2RjlbeSGxsNOgUNj8aowlG7NeKoVpU6aS4fV/yRs3A4kvIWil+BlW7K2t0IAFxry0qTa4DDUK6lLOnsxTuPFWI3M1jYEZW5cOXKu3RnWFxVrWdveM7S2fPeO0Uh7zGpsp5LYg6eyupmnFYWtJxyp+ykRg9mYgrPeGQHdAC6nW0sZ0010U+qu2b2X3dDD4WsoVMyd2rbdULNgcVb4GaxAHgtwHC+nAVLK+T+DM34XFWs07bceG3w4DG1tmTmU2hc9GPUKbaRqDrbrFTlSnfZ8OHQvxuDrTrerF7LwRGHbFIuUYeS3ljao9nP+1/BnaM8XRh2ahp3MVOz8QxP8HlF/8AptYX9FSjSm37L+DMqwldzu4Ne5nb29gpGV8iMxXEPcKCeKr1eY1uxFOUouy4/Q9LG0p1IyUVf1vohLY+ExBnizRS2Eim7K1hZgSdRpwqrDUqrqxunuuD5mXCUMR20HNOyfG4scJioyVEUwF79FWtf0CounXi2kn8yqdHFRk1FStfhcaxuz8Q8ER3UhIeS4CknUJx530PGrZ0Zyoqyd7yv8i7FUMROjDNF3V++2m/zGtg4DEGeNmw8qqt7sUYCwB4ki1WYKlOFZOSsVUe0dWOaNrFtrbPxDLhpY4JJFEJF1RmGk02lwOVxUYr1YuCvbmU4lVHUvJa2Xhp8hvYuycXJvs2GlW8EoBMbi5KWAFxrrwA660xlKbcp2XAzTk+KOEnY/jR0e5MRa4v3l7G3DxfKaw9hNXV1Z9SGZLidLsl2BirwkYeU2gjBtGxsQLG9hp6a0YilnjFRadtNyqFWMm9SmzNj4sriC0E12it0ka5O8jbmNTZT6qswtKazSm91zLHLQ467MxI6Pc8w/7be78XrCsPVT0WhNRk9kJ7cjKyBSCCFUEHiCABr1Vf6U/qx/RHwFTf3LwR7V+5vT+D4s9cyD1J/vXmkD2GgCgCgCgCgCgCgCgPxVu8pmXqBHqkUVGW67/ozRR9ip+n/lE6mDxBDoGJy5Y9MxA1jXnyAJv7qrcbxb46+J5kqalTbS1vLh1YxtfEZcoRuVzle41P6xsdOvqqNKN90QwsG083hb6K6Hzi7YfCZ2fKVkLZTr8K40vpyFRUNZW3IRjLNUUOm+xTYuNPdLZGfLusQVudbCCUi9tL6DhXZx9TXodrxkqCjLpdLbdcBPF4td30WfeXOa9stteHO/D21NR12Vi+Mal3F2y+/wANjqYzGDLg98XybjXIRm+EmtbNpxC+gVBR3tuURjPLNQ58b2F+xzGPmxNmNhh3tr/OUfbUpxWhZWXqxi9rrTgK43GJu1Cl95rnuRl8mUAX89zXVHUsip3afs8Fr/0dHamO74m8LkdzweCwBucLERqQdMx105muQjdEKKbg0ub7tzHY2JYw4zpH4OP/AB46syq6NDWqXI5eOxPRAXNw6VyCL38XTha3Hr8lzKxoU3ok2dvbs47qm3jPbNplte/R435Wv6bVXBeqrGmpUWdqbdugnhcS3c0+v6aAf+uf3CutLMicJyeHldiWIxGi5S17C9+RzeL5LW9tStoyunU9eFm+v8dB/GTLv594W+Ely5bcc7WvflUUnZWL604dtPtG+NrfyYrKe5+P6f8A0jXeIzy/Cb/m+haCZd/DkzW3kd8xF75x1cq6r8RRqReIh2d7XW/f0MUma0mt9DxP88cOs/YTRbIhUnLPU++K2+9rg07bmPX9JL/diqV9Pe/oTqVJfhYa8X9BnAyHuiLW2q8D1qPb1+W9WUXaa70WYWcvxUfdt3fd+pyo5DYa1WmebOpJyepbeMATrUk2dhOonc7W25TkOv6dv8Na3YiTyPv+h7GPk1CX6vohfASrv4t2X+EQHNbm46jVVGSVSOW+68TJh5w7eHZt7rf+BaCZTm3hcnMeFus9fPhUc8czzX9xU6kM77Rvfgb4yZhDD0jbeSW82WP/AH9dWSqf6Ky/3S+hbiXONCnd3vdru0sN7FlPdEQB4kXtfnyPoNW4GTdZK5ClZVoWtwMdqSNmw6lgBuTqb2HfpeoE1x2yQs7L+WVYqMlUSm9bLw0+R0Nnz5TMUZbHDzaIWNisJ45hfU6861QdpPLJbcL9OZmqJcPv4nN2djF3MmbLn6OQknNx1ygaHTr9FZ4V/Vld6951Zcr0GdrYljLh8z2BgQnNe3PqBPKrqk36qvZb/diqnFJvvNxiABiTGQqmHwVLG1pIhxYAm+p9NXwkszcHw4X+tidaMW7r7+J8uMQ3XXjdtPNucuU2y13Unmi/VWv0prUg/wDCPgSnv7l4HuP7nJf4FiT14i3qiT315pA9aoAoAoAoAoAoAoCsjWBIF7C9hxPkFDqV3Y/HG2I1SWbpC7E9HW6kyBiDpbSx8vkqmE5Ts2rHqYrD0cLnhCqp3itv1J8LrZczoRthgEDxyFt3HciUAG8anQbskaHrqKVR3aa3fDr3nzahiHdxkkry/L1fVeA5iMNhkVWfDzAOLr39dRp/0vKPXUYuUm0pLToV05VpycYzV1v6r8xiLE4OZChhlUQx3W0ouc0qjXvfXJyqLjUjLfcpdPEUp3zL1ny6d/QnCvh8LaU4eQiRHVc0wsQ65G4Rg+C/tqTzT0vt0JyU614qa0tfT+eg3itmYMyZI8PM5yI5tMB4SK/yZ+MBXFKSV2zkKtRQzTmlrbYYEuBxELlsPIvc6RotphqGcnUlON2PCu2lF2uTy1Kckk9xVJsLhAxOFktLHl6UwPRYqbiyCx0HH1V3WXHY7aVXaWz5Gu0Nl4ITSRxQTNuybnfqNFNiTeO3H666pO17ko1J5E3K1zPHYnBYhGk7nkVozDCAJdCN04BPQvcCED00Skna4jGpCainvd/fxNMMYMONxJhXtiN2LmbpZd4CCtlsNRzB4VZZ73N9Ja3lqK4vA4QSSBMPMyxuwJ3w4KW49700Q+qmtlqa4JNtqOxfac+EnU4gwOHeV1IWXToohvqhOuf2VGKknluXylTlDO48SME+GGTDNhnAmljuTIcw1ZAR0eWZtDXJJ+1cvoyjdUnG1xKHD4crvVw75VsTeW414A9EVLXZsjF04tzUNFxuWxvc8lpdy2aR5bgSaXVl4ac8/srqutLltaVKUVUcbuTfE0w5w+mGaBgCxY9M3uEPk8ntrqRKjUpyfYShbjuJ4N8OpWURG6lWAMh48Rpbhp9VSRnp16FOWdQ2fMnEphzlbduM4Zj09NJGTTo/zfbXU1cuxEsPljUcNZXe/U2U4crujE3RErgiS+oTMdbWIOQcKtg4PRrnx6d3QspVaFRdk4+zd734fwZYJ4EIlWMkqRYGTrB5W4ae0UjOEXe3z/gz0cRRpS7SMNuvO/T70FXyRSK6g5WQPlJBte4tcqQeHMe+ozSTVuVyNV06NSNRLRq9tOPen4eZXGYwMmUC3M+DY6EeKo66imVVcTGolGKtrfh9Ioa2njkDyRSRlhnzAhspBygdRvy9VbalWKbjJX4728zXjMRCNSVOcbq6e9uHvMMFtDDxuriBiVIIvLzBuL9Cq4VaUJJqPz/gy08TQhJSUNV1/gpLjMKSTuJBc8pR+zrjqUm75X8f4Iyr0JO7g/3fwbzbTwpjSPctYEt8LqC2UG947HwRwrv4iDjkcNE+f8F1XEYd04RSv73o/wBtn7r+emB2rhYmDrC5caqTLdQeRYboE9dgeVdpYqNN5owt7yhzp06icGn+6y77xi/gmOTz4Z0w6SROzbs9JZMo+GktoUNra61epLJDOt/NldbJmtF3VlrqvG3Ec2WcLCZhuHJ3L/plYWZNbEJbwSeutFJRTaStx5lMkcuLBYdgZFhlyi1zvRpf/t+WqoqMryUNEdUW03Y7fZB3FmgQwyE7hLESgcb8bxnmT1VfVyr2tbvT7uZqeZt68TBsLBEmJRYnVxDckyq4tmQ+Ko5eWrKWSEmmuH0ZbOLjoz41XFiLDWxB1uPNy5+wV4uZXaS4nSm1/CX9RfqrZ6S9un+iPgSnv7l4HvH7nQf/AI6c/wD7TD1Qw++vNIHqtAFAFAFAFAFAFAFAfl7bvYYrYrEkYmxzTSW3R076VA8K41uCxFh0eINwBTbHYpJHkMWaW9lJsqjKsEBU2zGxOdgQT4vro7SMVZvi/P6mP8TSppxb4vg+Lv8AUpiNl42RcpgFuVhGLea340FQjOmndPxM9Oth4SzJv5k7M7GcUonvEQWjAUXXUiWNuvqU1ypWjdEMRjaWeGvHryYlN2PYuwvHYE2uWW311Pt4bFyx9BtxT1952dq7FxTTAQpmvHGoKyLrliRSNGudQahTqQUdSihiKKpevzfiRsrY06YfFBlUM+6ygyJrlY3t0uqkqscyJVMVTdWLT01OXN2P4twpMYs3gkyJbTqOaxqfbQ2LvxtDVLwZ1tt7DxL4iYxorqWdgVlTUXLXtmva1chVioq5XQxdKNNXF8H2PzjDy6RhzLGwUyxjRUmBPh24uvrrvaLMT/EwdVNcnwfQnC9iuL3sLOiKuZGuZorZcw1HT1Gh1F+FWuasejSak9C21ex7FNNMVjRhmdriaLwSxNz09BqNTXFUikjQqEpN2KHYcy4VRaPNvpGI30egZIgDfNbip9VRzrNc1fh59jbqZ4LZGIXEwtKqoFkjclpY75QQb+Fe1uFJTTi0iWHoVI1oykxFdl4kAgRqQoFyJY9OQv0tNakpxK5YOrJtrxGZNmSiCKwQsGlLDexi2Ypbxv5popas01MNN0YRW6vxL4PZc4nG9ULlzXzSJfVCBfpX5ipXRLC4SrCspS+9BMbLnCnva2GUE7xNOIHjaX+yuozvA1bPRfFff2jbFbMlCQ2CkhGDDeJoTK7fG6mHrol93XUvr4ScqdOKtddVzLYTZU2dwyBbJKPDXi0bKBx01IqxU5X1035cmTwuCqQnLNyfzQr+T8QBl3S8tc6cr8NfxYV3sZfbXmZvwNZXVl8V5mm0dlyndWANogps66G7Hr8tW1KMtLcua5vqXYvB1JKGW2kUt0KDZM58QfPT71QjRm3/ACjJHA1r7fNeYdkiATvxzX16q7iYuNaSf3oiz0rGCrOzebjyX3o+Wpz8gJATMSesD2WrPFSbszFONN2VLNfrb5WHn2JJyHnuye+tCwtbil8UaqmBemS/W7j9GY43ZzR2JDWN9TY8LcCDb8Cq50akFeaKsRh40rNXt1t8raCzhbi2a3O9r+iq1fiUz7K6yZrcb2v7rH0M+ypWTDyRqGXdEC7KDpNIToSOuvQUJ1KULbq/iydaEFL/AE3dW46ffI6GzdnYmV5WeMAmGQaMlvgio0U2AvatdClPM3LlbwK229xLDbDxlsojFtP0iAG39aqFhaie+hG9kdDsn2JiVbDtu7kQKDZl5Fud/NV1enKpbLw0KqUlK/eW2dszFS90F4spaF+agXJU6AaDhXaVOd258dCVSXPmfOfkDEA/B/2l99YXg55ixQb2EdvwlHVSLEIAav8ASitOmv8ABHaqs7dEe9fueo7bMc/GxMh/sRr9leYVnp1AFAFAFAFAFAFAFAfjjszW20MYOrFTj/2tQG8mhsOpf7oqumllKaKTgn3+LOrhXjETBmTO1rEh7rrrwGU6a8+PoFclLNovAzVFUdVOKdl3WfzuchpW66vsjblidHAT2w8RbUb2QkXtcZYb+bz1Ql67tyX1MChevPLvlX/IY2PPnx0eQWW7kC97WQka8+FKitDU7iIONC0nd6eIviMUoS1ule+bNytwt59b1You9+BojTea99LbfyNYaYLDhi4zDdsSL2v36YfYKrSvKVjPCLc6ijo9PBGezpM+IbLoNziTa/AbiSpTWi9xOvG0Ip814oyxWLXJYaNc3bNxHLTkfL5Bw1vYlqaIxd78DqvikQYUygsvc6XUNYm7Sc+WuvorltNCym1xEsDPmfEldF7nYgXvbv0VtfNXJcO800tpWFMZil3dgLMAbm/Hjy9XqPXUranM8WkktRlsQodS6lhuYNL2/i8QqEU2tOZsryjCpHOrqyFIJNJjfgkf+PHUpbojh23SqW5fVEYvEd7tccDw469fX/vUrGdTbyr794/tObLO/DloeHwS/jz1FbGrFzca7fTj3CUUhySm/jw/6ld+/E5Rb/DTfVEY/E3jAzDQHgADxPE8zw9fno9EyrtXLIr7dOvHn99TTHud9Nr+lk/vGpt6vvfiS9INrET72GDcZgWIsNbG+vk01rlyrDOOe82rdb69NAx5XMShFjwAvp69aXZ3FuHaN03p0v8AUUd9DryP1V1PUog3mDskN52t5L/X9VvVV+Kv2sr/AHojd6VlF19Fster38Gl7jHYnw8X9In94VCh/Uj3oy4X+tDvXidDCMOmCQLF+PnPDy9VW3/1JX6lrsqs0+u/3vyJ2hrhgf8ArN/hx1ZP/wCMv1PwRbU/+Gv1PwRwawnmnaEl2hBOVTFYfSvf23NbkmqVJSfP/c/oaq7hKUXFWVl5P5nXwbjO2Rge8YjQC2q4aXl6L1vw7j2vqu+3C3FGerbgJYLEqIGBIz3XLoSfLY3sOHMHjWRVklKL3udTWVovtRznw2ZrAwcf+9N7qvxD9lN2Vl4IhFIfaZW3pQr8BLooIGkbG+vOr4OEpPK1twTXFEqtuB8mjNYa14rcsxwy2zxT9QVs9J70/wBC+pOpw7j9C9oVLbJQ9csp/tW+yvNKz0WgCgCgCgCgCgCgCgPx52drbaeO/wD65z65WNDqOmFjYkDChyoAJvKSbAC5yuAPVWVJqKblb4HlxhJQUpVWr/p+q+pvst8OcTDC+DQZ5FRrtMGGZgvOTQi/MV2SeW6kKsJqk5xqX06fRG0Ozo5y5jwkYCi56cug1PyovwPAVCc+zSzS3Kq1XsFHtKj16LyZGzsVC94Gw0ZVI5JBrIDe3Xn1HRGlRqU5ReZSetuRDE4epTkpxqO7aXDyN9l41MOd+mCTS9mO9I16J4uV52qxwv6ubwL50M/qOpry0+iRbAYjCSRzu2DiGRowCHm8fNe/fNfB8ldlGSaVzs6VSM4xzvXuJxW1MG6IjYaOyAhelJwJLHhICdSTqTxrqoyTvmJQwdSLb7R69EabM21g4CSmEjuVZT0pTowKkayHiCRfy110pPiTlhakvz/LysKy43Ak3GDiH9eb9rUlCXMsVCf97+QzjtsYWUIHwsRyIEXWYWAvbwZRfidTrUlFriW06eXd3M8HtTCxhwmFiAdSjaym4JB5ym2oGo6q5KDfE2066grWE97g737mj+dL+1pllzJrEQX5EMYzH4WUgvh4yQAvGQaKAo4OOAAHoriptcSyeMjN6wRaDHYRVZRAgDizaubgG/EuSNQOHVR023uShjoxi1kWotE+FzNlw6G0Uj8ZOKi48fhXJJ8zThK9Oeb1ForkYx1mYyHDKx4EjPbQeRrDSpJJaEZYh1vX7JP4+ZnFPGI3AhXLmjBF3sc2fj0r3FuR5122pfRxUPws32a3XP7+ZWOOJenuY/IOny/rfbXPzfdiMasI0lUcIdN76P73IxskcnTaJCzu99WHghWvo3PP/ZqS9pncTiKdSgqrpq7b59OoucHEBcxLY/zn+/UlJbW8fMxSywipOmrPrL/2NpIYSY1GHUlow3hPcksy6Wb+bVsnCysuHXm+pprunHIo0020ufH3kvBHHq2GUaXFzIPrfWuQnFP2V8/Mqc1Taz0rd+bzN9rhM7OyBruqgEmwBUtpYjzeitdZQTnUte7Xu9Xo+hu9I5P6koXtZa3tbV30tzt7idntEssRESHpLzfTpW1ubX58+VcpTgpReVfPzMWHqUu0j6i15OWnxZSVoGkkvBGLO4veTkT1PxqFWpHtH6q+fmKtaHayTiuO9/ob4jGRdzom4TKZWGhfkiH41+fsFXurHsF6q36+ZOdeLwy9Rb9fMyw2HhZ0XdLZ2UGzPcZmy8za/PnypRVKc4xcVr1fmZqSpznGLitbbX01tz8ymKmjAiR4EfoEgkuDYSMPFYC2h4g8alLLRpRTV9Zf7mMbUTkrxtoufd07/edTYONizMIsHCGKOLl5eDKVbwpTyYj01PD1lN+qrfDh7jz1Tc3a/gc5sRhb64OP58v7Sq5YqClrHw8jo/t7aGHYYde5YzeEkXaTS0sq2GVxzUnW/GtVeqkk2r37uS6EFF33M9nTwgTKuHRSYJbMrSaWiZj4bkcARw513D1E52S2s/mui5kKkXprxR8/DjGAFgth1op9dxr6a8+WKkpNRS+C8i9SaEttcY/1PtNW+k9XSf8AgvFkqnDuP0Z2jVtseDyvMf8A2uPsrzCs++oAoAoAoAoAoAoAoD829vnsdWDaAmiWy4hN43lkDEOR6ChPlY0COA+DzsWWSKx1F5owdesMwIPkIrNCplSi0/gzzqeJVOChKMrr/GXilYd2BsnLiYZXmgCpIjG88XBWDHQOTypOpeNkn8CNbE56bjGMv2vyMJcG6sbSw+ieP79O1VtU/gzqxUGkpQl+2XkNbC2SM8jNPh1vE6i80epI0GjGoznmtZPfkyqvX7XKlGWjT9lrb3CzbHc/pcP/AORD9+rO1XJ/A0rGL+2X7WM4bZWTDzoZ4MztGQBNH4me+ua3jDiaqlV9dOz+DMlXF3rReSVlf8r8jkfkVvlYfp4vvVZ+IXJ/B+Rq/Hx/tl+yXkaR7DY/pYfp4vv13t1yfwYWPj/bL9svIvL2PsP00B82Ih+/Xe2XJ/BknjYr8sv2vyMm2K3ysP8A5EP36lGonwfwZdTxCqPRP3prxRl+TW+Ui+mj+9Xc66/BnpQwjkr5o/uXmSdmt8pF9NH96udp0fwLPwD/AL4/uRXuE/KR/Sp76dp0fwJf+Ol/fH90fMkYA/KR/SL76dp0fwO/+Nl/fD9yH9m7Py5y0sQzROg74vFlt11CU720ZrwuEVPNecdU17SF5MMR48X0i++pdp0Zn/8AGyf54fuRrFhzu3GePVkPhjxc3O9vGrmdXN9LASWFnBzjun7S8Sy4Ryts8Vv6RffXc6uZfwFVU8ueOXvXiEuAsqneR5szE9NbWIUCxvbiD7KJrNf7+9zTUwLeFhDPHdv2l0Mt050zx/Sr76kn0MbwFRqzqRt+teYxPhD3srJESsYU98Qa5mbmf51WNPT74s0YrCZlDLOOiS9pGb4J7avF9NH96uxi2/5XmY1gpN6zj+5GuNtJmCumjqQSwAYBWU2J0PSrXljUzRi1e63aXC2l7dD08Yu3hlUlbSzvZNap2ez9a5fB4Z95GWeIBSuu8TgGzdetIUpOSvKOn+UfozJTwU4Ti6kopLqi8uyXDuyyQkMzEEyx8GPUWqMqbztxa+K8zlbByVRyUkr33JxGym3KrvIswkZrb1OBVR8a3KrexvRy5lvzRKeEaoKm2r3vuTg8E4kjZ3hCqQfhY+AbMeDXPPrqeHjlqRlKSsuqKYYedOpDO1o1xXO/vJbZD4gRvG8XQUoyvLGjDps3B2UkEMNRfnUZOlVppRls5c+LvwRixs5dq+0VnZcOmnPhYtHsPEREkNAP/kYc/XJSlF0/Ykvg/qjLGqr6eDE32VKW1aG9/l4fv2qudCTeZtFlm9fqjobS2I7DDskkJKRZSBPECDvZX5uOTjhWmr68Y2dmvJFeaxtgdjzEuZJItYpVu2IiOrROoHhnmwqVOooyzTlfbnzXNFNWsnbd6rg+ZwzsGRRq8Wn/AF4fv1keGble6+Jojrt5eJzNtYYmSKNOkxARbEG7FuFxp4wq30lKLdNJp2jZ214snU4Lofq/sY2PFhMLFhoRZI1sLm5JJuzHyliT6a80rOpQBQBQBQBQBQBQBQHln7oDZ2bCQYgDWKXKT1LKtj/bSMemgPAytAVyjqFATagDKOqgJtQBagJtQE2oCQKAm1ATQE0BNATQB+Px+NKAmgJv5dKWOqTStfQ0BOUi54r/AJuX2VBpZk+/6GiM5fh5xu7XjpfT8xnfy+2p2M7k2km9gocIoAoAJPC9LHXJtZb6ci+IJNrnxR9VQgkr25s04ucpOKk2/Vj4IzYk8ST56kklsUSqTn7Tb73chmJ4kn00SS2Eqk5aybfe7kMxPEk0SS4CVScneTb95VteNdsRcm3du7K2ocC1AQRQEWoAtQH0fau2Z3TtbCoRdVcyt5BEC4v53Cj00B+qwKAmgCgCgCgCgCgCgCgPmu2Rs3ujZmLjAud0XUcy0VpVA85QD00B+VM1AFAFATQBQE0BNATQBQFqAkUBP4/HuoDZsM4jExW0ZYoGuLFgAxA56AjW1tRQFIlLEKozMxyqALkkmwAA1JJ0tQA4tx00B48mAYesEevWgNjhHEYlKkRk5Q/ik9LQfMbTllNAYg/j8fg0BdfBPnX/ADez6qi/aXv+hfD+hPvj4TK/j8fjWpFAfj8fjSgI/H491AH4/HvoCPx+PdQF5zw/VX6qjDj3s0Yl6x/THwRdcFIYjMEJiVsjPyDdHQ8/GXzFh1ipGczgw7vqilukq6fGckKPOSDbrtQEthHz5MpzZS2XnlVSxPmCqx8ljQF8Ls2aVsscTs2TeWA1KkgBhfiCWUC3G4tQCyxkhSBcOSq25kW0Hzh66AiaJkvmUrZmTUeMlsy+cXFxyuOugMs466ACw66AYTZ8r+DGT3szX0A3YbIWuTa2bTymgPUP3Pex2GLxczqVaFBCQRwZ3JYecbq39by0B7vQBQBQBQBQBQBQBQBQEMoIIOoOhoD8b7dwfc+Inw5PwUrx68SEYqD6QAfTQCiyUBcNQFhQE0AUBNAFATQE0BNATQHe2B2TPhTDaNXWJ5JLXyljIqL4WUlQMl7a3vw4GgGoOzKRViURm8S4RQRKy5hg3ZgHAHSVs56PBSAdaAY2d2dSQiMLDfdsjAmQ3OTDiDpdHwiNS3mFtLkBbYPZa+GjgjEQfcO7o2YBryI6Nrlbk4438AdZoBDbG199JE9id1BFECw1Yot2YgE8ZGc8eYOh0qMo5k0XYes6NWNVJOzvZ7CE05YnQC5voPt51yFNRSLsXjZ4iUpNJXd9EuGi13e7MqmYyaAigIoAoDeDFlTewOluH21VOkpK1z0sH6TqYaebLGWmXVK9u9anW2B2UNhY92Is3fTLcPlIJEWgspIIMQsb26RBVtLWnmj8nZ5ISxEAGa2m9bKuViw3YsN2CSM1vDGYHRrADWHs/CRFViZZBJmQB+iFMO6uzaEuOIsg5662AHNh7MXGJOJ3QJ3Iiy59AFlWUWupsvQClR1sQVJFgHdn9m2VZhIjEsrhMrX1aGOAK5JFowIw1gG1I06IuBniezSWTfFkPfY5Yz3wkASxYeM6W6X/AA4by7w+egG27PZDKZDEdZt9YS5eOH7nK3VB4tulxAAAsbuQEth9ljYbDph1iuEzdIyEXzOHItboggBSAbEcr3uAntnskeZ5ZAgUyYbuc3bPYGYTErmXhoUC+KLWN1FAe89qWcy7PWcpk3ss7gZr+FPIx5Dxi1tOFuNAfZ0AUAUAUAUAUAUAUAUAUAticBFJ8JEj/rKD9YoDj4jsG2W/hbPw3ohVT61AoDkYjtS7Ha57lKk/EllHqGew9VAcrFdpDZreBJiY/IJFI/toT7aA5eK7REf6LHSL+vErf3WSgOXie0bih8HjIX6syMn1F6A5c/ac2ovBcO/6kp/zItAcbG9r3aUWsmEKjr3sJHse9Ac4djGK+SPzk+9QB+9rE/Jn5yfeoA/e5iPkz85fvUBP73MR8T2r96gD97uI+J/aX71AR+9+f4ntX71AR+Qp/ie1ffQFfyLN8T2r76APyNN8T2r76Aq2ypvie1ffQFG2dKPF9o99AUbBSDxfaPfQFThJPie0e+gKNh5B4ntHvoCjRuPF9ooDNs3xfaKAqWb4vtFAeo9q7tZ91hcZjRbDnWKINrLbS7lfAQHle5trYeEB6avay2QP4jH6Sx+tqA0Xtc7JH8Qh9RP1mgNB2vtlD+IYf5goDQdgey/+X4b6JfdQFh2EbM/5fhfoE91AXHYZsz/l+E/8eP7tAaL2J7PHDAYUf9iP7tAdTDYdI1CRoqIuiqoAUeYDQUBrQBQBQBQH/9k="
411,Apple iPhone 13- Pink,"Tamaño de Pantalla: 6.1"" Super Retina XDR OLED
Resolución: 1170 x 2532
Cámara principal: Doble 12MP + 12MP
Cámara frontal: Doble 12MP + 12MP",6411000.0,9,2024-10-08 00:16:59.869359,"data:image/jpeg;base64,/9j/4AAQSkZJRgABAQAAAQABAAD/2wCEAAkGBw8QDQ8ODRIOEA0QDRANEA8NDxAPEBAPFREWFhYRFRMYHTQgGRolGxcVLTEhJikrLjAwGB8zODMtNzQtLisBCgoKDg0OGxAQGjEdHSUtLS0tLS0tLS0tLS4tLS0rKy0tLS0tLS0tLS0uLS0tLS0rLS0rLS0vKy0rLS0wKy0tLf/AABEIAOEA4QMBIgACEQEDEQH/xAAcAAEAAgMBAQEAAAAAAAAAAAAABAYDBQcBAgj/xABNEAACAQICBAcJDAcHBQAAAAAAAQIDBAURBgcSITE1QVFhcXQTFCUzkbGztMEVIiQyUlNyc4GSobIjQkNkk9HSF1RigqOk8BY0lMLj/8QAGgEBAAMBAQEAAAAAAAAAAAAAAAIDBAEFBv/EACoRAQACAgICAAQFBQAAAAAAAAABAgMRITEEEiIyQVEFFFJxwRNhgZGx/9oADAMBAAIRAxEAPwDuIAAAAAAAAAAAAAAAAAAAAAAAAAAAAAAAAAAAAAAAAAAAAAAAAAAAAAAAAAAAAAAAAAAAAAAAAAAAAAAAAAAAAAAABDrXe9qGWS3bT3+RGe5llCTXDlu6znutXSKph+HbVvurVakbenLJPYbUm5ZPdmlF5Z8rOTKdYjuVzV888trfzLZPvvmXPLyRPyzTx3EaM1cq5udpy2s51pzjJvflKEnk10NH6I0Nxh3mH0LlrKVSjGbjzS3ppdG0n9mRy1bV7SrNbdQsEbiT/Wa+xGSVSSWbk8upEJPf8bPfwZfiaDWJik7bBrytBuM40HGElwxlNqCa6U5LyEYl2YjtpsX1mVpXU7PB7erf1qTyqzg4QoU3vWTm08966F0swLSnSl7/AHPsl0SrxbXXlM2Or/B6dphNpThFKVSjC4qtcM6tSKk23y5ZpLoSN/Iltop48THLnmP6xtIbGiq93ZWUKTqKntRm5++abSajPoZoHr4xJPJ29mv8tX+o6TpNglK/talrX2lCeTUofGhOLzUl/wA5Wc3qams3n38+jO1zeXX3QbRyeLbfwcx/h5/bziPzFn92r/Wef284l/d7PyVf6j5epr99/wBr/wDQR1OpNbV62s96Vtk8uvuh3cIflM36f+LJgusPSK8oK4trKylSk5RjJzcc3F5Pc558OZsFpbpSt7w+ykuaNaKb8szdaOYRRtLWlbUM+50o5Jy3ybbblJ9LbZuIQObaPytIjntX9HdZ21dwscXtamH3dRqNJze1Rqt8CjPLhb61yZ57joyOZa0cJhcYPcyayq20O+qNRfGhKG95PpjmvIXDQbEZXOFWVxU31KltTlN88tlZ/idiWPLT1lvQAdVAAAAAAAAAAAAAAAAMN54uXV7Sp6baMwxOyqW024SzU6dRLNwqRb2ZZcq4c1zNlrvfFS6vaQ4Ph/5yshZbTpwKhqhxOVVU61W3jQ2snVpupKbj0QcUs+to6331ZYPZUqdapCjRpwjSgptuT2Y8CS3ylwt5LlZurS47opPYqQ2akoZVI7LeX6y6Dg+uSrUeMqFZyVFW9PuXNstvba6dpfgjsbtOpJ1SNw7Do/pfYXzata0ZyW+UcpQmlnlm4TSll05ZGm1xPwBe9VD1mkcU0QqThi9h3s5bcq9OMl/gluqRfOtna8h2bW23/wBPXefDsW2f/kURNfWdEW9qysWBL4DadkoeiiSZoxYDH4DadkoeiiSpxKvZupbhDmjFJEmpEwSRLbTWWFmORlkjHIL4fEKrg815OdG5tpqcVKPA/wAHzGjmZcOuu51Mn8SW59D5GdRy4vau47e6dLwPiPYLj0bJmql+AcP7NEiad8T4j2C49GyVqo4hw/s8SVXjZ+1tABJnAAAAAAAAAAAAAAAAYL3xUur2mvkpJ5x358KNhe+Kn1e0hpkLLsXT4238mX4fzNDpToraYlCMbulKThm4Ti9mcM+HKSfVu4CxpjMis0pui+r2ysJupb05Oq1s91rz25qPKlyL7EsyNrkjlgN4v8ND7fhVIvmZRNc/EV59Gh61ROx2jMahZdH18AtOx2/ookuUSLo5JOws2mmu86G9PNeKiTpIzb5XVlEnEjziTZojVEWVlopZEmjDIkVCPMsa6sUyNUJE2RqrJQ0Ufek1xt4DiGfxo2NxB/ZTeT8mRttVHEOH9niVTGq/gzFIcksOuJLrVN+xsteqjiHD+zxJa08Tz6emTS2gA6wgAAAAAAAAAAAAAAAI2Iv9DL7PzIhJkzEvEy/y/mRDRXftfi6fSZ9I+EeoitfRRdc3Ed79Gh61RLyUXXLxHefRoetUTsdo26lr9Csalb0aEJ5yoSpU248Lg9he+j7UdFp1YzipQalGSzTXA0crwqn8GofUUvyIsGC4s6D2ZZui3vjyxfyo/wAjmSm+YbsmOLRuO1xmRqiM1OtGcVOnJShJZqUXmmY6hTVXRDqkSoyVWZArTLYbsUbfE5EStMVapCrVi6sNlatdpJWysbzps7iPlpSRe9Uz8A2P1EfMc20nnnY3XZqv5GdJ1S8RWP1EfMidoeN+Kx8cft/K3gAi8oAAAAAAAAAAAAAAABGxFZ0Z/Y/I0Qidf+Kn1EAruvxdPT1Hh6RWvoomuXiO96rf1qiX2hDallycJStd9OKwK7a5qC/3VElWPqrvaOmlwyn8Ft+z0vRo0mleKOjDuVJ/ppre1+pDn63yG/tqihY0Jvgja0n/AKcdxR72DqTlUn8aTzf8jT4+L2nc9Q9bxq+/M9M+g+mFTD6ncqu1OynL30OF0pP9pD2rl6zs1K4hVpxq0pRnTnFSjOLzUovlRwKtYm90N0lq4fPuVXanZTl76K3ulJ/tIe1cvWd8nxvb4qdrs3jb+Krql1LI011cJGfE8Rp9zjUhKMoTjtRlF5qSfKipXeKpt5My0pMrcFONtnWuSHUrmqlfZny7k11o08JGJrbtLzmjYXU39lGWX4tHS9Uy8A2HTQizn9ChtYTi9d8CsK1GL6XTcpf+p0LVPxDh/Z15yvJ82ngfilt5dfaFtABB5gAAAAAAAAAAAAAAACPf+Jn1EAn3/iZ9Rryu6/F09PTwEVrNbzyl+BS9eD8A3fVQ9aoluKRrlk/cK8+jQ9aokqyrvX6tHczzs7WmuW3ot9Spxy/HzGqlam0to7VGh0W1Bf6cTKrc9PFHrjh7/j19ccNG7LM+6eGZvgN9TtSbQtERtaV/vpp6mATq2ro0ZunOLdSmm/eOT4Yy5k+dcpQ6larTqSpVlKFWEtmUZcKZ2mzoZGu0v0QhfUtunswvIR95N7lNfNz6OZ8hytdxtlvm1b+zl9O5zJFOs20lm23kkuFt8hqa1KpSqSpVYyhUhLZnCSycWuQu+rfA3Wq9+VV+hpSypJ/r1l+t1R8+XMLWisbSnJqNrPjFh3to7d0X8dYfcSqdNSVNuXk4PsRY9U/EOH9nXnNPpzPwTiHYq/o2bfVPxDh/Z15zFE75l4vl79tytwAOsYAAAAAAAAAAAAAAACPiHiZ/RNebDEPEz+ia4ruvxdPQARWhR9cnEd51UPWqJeCj64+I7zqoetUTsdo26lq8KhnbUH+70vyInwpGHBofBbfs9L0aNlCB6W+H0FPlh8U6RMo0z5hEk00RRtLNQiT6SItJEymWR0w5ZaHSrQ2hiGxOTdKvBxTqwSznSz305fZnk+T8DYULeFCnGjTioU6cVCMVyJG2iYry2247t0lwdPQzPlpNulNMmuJ6U/Tep4Lvl+51vyMsOqfiHD+zrzlU02bWHX0ZZpq0rJp8nvGWvVPxDh/Z15zPCnzY1MfstwAOsIAAAAAAAAAAAAAAACPiHiZ/RNcbDEfEz+j7TXld1+LoPTwEVoUfXHxHedVD1qiXgo+uPiO86qHrVE7HaNupY8Fj8FtuzUfRxNjFELBP+1t+zUfRxNgkbKW3WHuYbbxw+4ozQMMTNBk4cslUmS6bIVNkqnIthlyQlwZkRghIypkZhktCt6xrKM8JvqnBOFlWefOlB7mT9U/ENh9QvOYdPH4GxLsFx6NmbVNxDYfULzmbJGpZs0zOolbgAVqAAAAAAAAAAAAAAAAEbEfEz+j7TXGxxLxFT6PtNcV3XYug9PARXPSja4+I7vqoetUi8FG1x8SXfVQ9ZpHY7Rt1L6wfda23ZqPo4mxRBwuPwO27LR9HEk0qmTyfAWYr6nUvS8e+o0zoyRZ85H1E1NUs0GSKciLEywkWRKi0JsJGWMiJGRljIkz2q1mnUvA+I9guPRsk6puIbD6hecgacS8D4j2G49Gyfql4hsPqF5zNmjmGHyI1K3gApZgAAAAAAAAAAAAAAAEbEm1QqNcKjma03NSClFxfA00+pmjnF03sVN2W6M38Wa5Hnz9BC8LcU/R9np4mCC96UrW7CUsEu1H5FNvqjXpyf5S6EDGsPjcW9WhUWcKlOVOS54yWT84hyY3CuYLUU7C0nH4srSg1/DiKzKbYYneYLF2V/Qr3FlTlLve7t47bjTbzUJp7lw8rWXJmsjLU1i4Y+CdVdDoyJaaMWWuuZ0uNrer4s/sl7GbJROY1NPsPfBOp/CkSbLWbZU9znUnT5nTlmup+wvpfXEtf9fHr5o/26MkfcSlrWjhPzlZdHcJnv9qOE/OVv4Ey+LR90Z8jH+qF3izIpFFWtLCfnK38CZ69amEpbp12+ZUJZvyk4vX7q5zY/vDfadVVHB8Qb3LvOrHfzyjsr8Wjc6qYtYDh+1/d4tdT3o5vd3F9pFKnZ2dvXtsLc4zuLi5iozqRi01FLgyzXI3vS4OB9tw6zhQoU6FNZQpwjTilzJZGfLeLTwweReLW4SAAVMwAAAAAAAAAAAAAAAAeSimsmk1zPej0AR3Y0fm4fdSHeNL5EPISAHdyj940vkQ8gdjR+RDyEgA3KH7l2+efcqefPsrM9WG0N67lT38PvUSwDconuZb/ADVL7iHubQ+apfcRLANyie5tD5ql9xD3Nt/mqX3ESwDconuZb/NUvuILDLdfsqX3IksA3L5hBRWUUkuZJJH0AHAAAAAAAAAAAAAAAAAAAAAAAAAAAAAAAAAAAAAAAAAAAAAAAAAAAAAAAAAAAAAAAAAAAAAAAAAAAAAAAAAAAAAAAAAAAf/Z"
424,Labial Líquido Revlon ColorStay Satin Ink 013 Holy Pumpkin,"Uso: Profesional o cotidiano
Formulado con: Aceite de semilla de grosella negra y vitamina E
Proporciona: Hidratación y suavidad a los labios
Cobertura: Completa
Acabado: Brillo satinado",120000.0,9,2024-10-08 00:57:13.239635,https://nissei.com/media/catalog/product/cache/515ce00244062f68c34ce5aef51078ec/l/a/labial_l_quido_revlon_colorstay_satin_ink_013_holy_pumpkin.jpg
427,Cargador Portátil Ecopower EP-C836 5 en 1 Inalámbrico,"Diseño: Compacto y ligero
Cargador: Inalámbrico 5 en 1 
Carga: Auriculares, Smartphones y Smartwatch con funciones de carga inalámbrica
Función de: Reloj y alarma",140000.0,64,2024-10-08 15:48:20.758664,https://nissei.com/media/catalog/product/cache/515ce00244062f68c34ce5aef51078ec/c/a/cargador_port_til_ecopower_ep-c836_5_en_1_inal_mbrico.jpg
412,Samsung Galaxy Z Flip6,"Tamaño de pantalla: 6.7"" Foldable Dynamic AMOLED 2X
Resolución: 1080 x 2640p
Cámara principal: Dual 50Mp + 12Mp 
Cámara frontal: 10MP",9497000.0,9,2024-10-08 00:20:05.695317,https://nissei.com/media/catalog/product/cache/24e3af3791642c18c52611620aeb2e21/c/e/celer_image_10_75__1_1.jpg
425,telefono,kdnvfkdmnfgdk,200000.0,51,2024-10-08 01:00:11.089974,https://images.philips.com/is/image/PhilipsConsumer/CTS616GY_77-IMS-es_AR?$jpglarge$&wid=1250
428,Mouse Xiaomi Mi Mouse Wireless,"Diseño: Moderno y ergonómico
Tipo de mouse: Inalámbrico
Resolución: 1200 DPI
Conectividad: Bluetooth 4.2
Interfaz: USB",195000.0,64,2024-10-08 15:49:55.588997,https://nissei.com/media/catalog/product/cache/515ce00244062f68c34ce5aef51078ec/1/C/1CPJ0wD8N8WHEUOJMs9MafvWKSW5g4mWULy.jpg
413,Samsung Galaxy Z,"Tamaño de pantalla: 7.6"" AMOLED dinámico plegable 2X
Resolución: 2160 x 1856p
Cámara principal: Triple 50Mp + 12Mp + 10Mp 
Cámara frontal: 10Mp + 4Mp",19019000.0,9,2024-10-08 00:21:02.722898,https://nissei.com/media/catalog/product/cache/24e3af3791642c18c52611620aeb2e21/L/x/LxCu7K2iRrCTl8N8Bf3l3xeyzy811hqcX6H_1.jpg
426,Labial Note Deep Impact Lipstick 11 Vibrant Pink,"Ideal para uso: Profesional o cotidiano
Proporciona: Labios nutridos e hidratados
Acabado: Brillante y voluminoso
Textura: Ligera y no pegajosa",89000.0,9,2024-10-08 01:01:31.566694,https://nissei.com/media/catalog/product/cache/515ce00244062f68c34ce5aef51078ec/d/e/deep11.jpg
429,Kit Teclado + Mouse Inalámbrico Quanta QTKTM20,"Diseño: Compacto y duradero
Tipo de teclado: Membrana
Distribución: Español
Tipo de mouse: Óptico
Conexión del teclado y mouse: USB RF",72000.0,64,2024-10-08 15:52:54.875120,https://nissei.com/media/catalog/product/cache/515ce00244062f68c34ce5aef51078ec/7/4/74373.1_1.jpg
414,Notebook MSI Katana,"Pantalla: IPS 17.3"" Full HD 1920 x 108p 144 Hz
Procesador: Intel Core i7-11800H Octa-Core 2.3 - 4.6 GHz
Memoria RAM: 16 GB DDR4
Memoria de almacenamiento: SSD M.2 NVMe 512 GB
Gráficos: NVIDIA GeForce RTX 3050 Ti 4 GB
Sistema operativo: Windows 11 Home",8306000.0,9,2024-10-08 00:24:33.498901,https://nissei.com/media/catalog/product/cache/24e3af3791642c18c52611620aeb2e21/1/1/11ud-001-1.jpg
415,Notebook ASUS,"Pantalla: LED 15.6” Full HD 1920 x 1080p
Procesador: Intel Pentium Silver N5030 Quad-Core 1.1 – 3.1 GHz
Memoria RAM: DDR4 de 4 GB
Memoria de almacenamiento: eMMC de 128 GB
Gráficos: Intel UHD 605
Sistema operativo: Windows 11 Home",2364000.0,9,2024-10-08 00:26:08.685066,https://nissei.com/media/catalog/product/cache/515ce00244062f68c34ce5aef51078ec/8/f/8f242409-c1c3-4c73-8b88-64515cb6157d.b1abf5001810c80cf14a58be49ea7dcf_1_1_1.jpeg
416,Notebook HP Pavilion,"Pantalla: LED táctil 14"" Full HD 1920 x 1080p
Procesador: Intel Core i5-1235U Deca-Core 1.8 - 4.4 GHz
Memoria RAM: 8 GB DDR4
Memoria de almacenamiento: SSD M.2 NVMe 256 GB
Gráficos: Intel Iris Xe
Sistema operativo: Windows 11 Home",5034000.0,9,2024-10-08 00:29:42.399696,https://nissei.com/media/webps/jpg/media/catalog/product/cache/515ce00244062f68c34ce5aef51078ec/1/4/14-dy2050_-_1.webp
418,Camisilla Champion,"Ideal para: Uso diario
Género: Femenino
Tipo de cuello: Redondo
Tamaño: S",321786.0,9,2024-10-08 00:41:44.423811,https://nissei.com/media/catalog/product/cache/b911b00b001dd445be642a5bd71957ac/w/5/w5687g586172_1_3.jpg
419,Vestido para mujer con manga,"Tipo de tejido100% poliéster
Instrucciones de cuidado del material Lavado a máquina
Origen Imported
Tipo de cierre Lazo",321000.0,9,2024-10-08 00:43:49.586050,https://m.media-amazon.com/images/I/61rc-89YKUL._AC_SY500_.jpg
420,camiseta básica suelta,"Tipo de tejido50%viscosa+45%poliéster+5%elastano
Instrucciones de cuidado del material Lavar a mano
Origen Imported
Tipo de cierre Sin Cierre",210000.0,9,2024-10-08 00:47:23.841308,https://m.media-amazon.com/images/I/71JEOmwcWAL._AC_SY500_.jpg
421,Televisor Smart QLED Samsung,"Resolución de la pantalla: 4K Ultra HD (3840 x 2160p)
Pantalla: QLED de 50""
Conectividad inalámbrica: Wifi y Bluetooth 5.2
Interfaz: 3x HDMI, 2x USB, AV, puerto Ethernet, y salida de audio digital (óptica)
Sistema operativo: Tizen",4176000.0,9,2024-10-08 00:52:03.694929,https://nissei.com/media/catalog/product/cache/b911b00b001dd445be642a5bd71957ac/p/r/proyecto_nuevo_-_2023-09-07t085147.878.jpg
422,"Televisor Smart LED 40S5400A 40"" Full HD Wifi - Negro","Resolución de la pantalla: Full HD (1920x1080p)
Pantalla: LED de 40""
Conectividad inalámbrica: Wifi
Sintonizador DTV: DVB-T2/C/S2
Sistema operativo: Android R (11.0)",200300.0,9,2024-10-08 00:53:14.115169,https://nissei.com/media/catalog/product/cache/515ce00244062f68c34ce5aef51078ec/t/e/televisor_smart_led_tcl_40s5400a_ss.jpg
423,Televisor Smart LED Xiaomi 4K Ultra HD 55 - Negro,"Pantalla: LED de 55""
Resolución de la pantalla: 4K UHD (3840 x 2160p)
Interfaz: 3x HDMI, HDMI eARC, 2x USB 2.0, A.V, DVB-T2/C, DVB-S2, Ethernet y Jack 3.5mm
Conectividad: Wifi y Bluetooth 5.",3925000.0,9,2024-10-08 00:54:48.053502,https://nissei.com/media/catalog/product/cache/515ce00244062f68c34ce5aef51078ec/t/e/televisorrw.jpg
